Rotation Angle (deg),Test Accuracy
0,0.51984
5,0.51006
10,0.48568
15,0.4845
